opportunity_rank,content_id,content_type,main_intent,search_volume,avg_position,ctr,impressions_90d,content_age_days,days_since_last_update,opportunity_probability,reason_code
1,content_5096a9d25fe5,keyword article,informational,10.0,46.6,0.01,49158,300,104,0.9983851171737336,LOW_CTR + HIGH_VISIBILITY
2,content_2cb8b923f6d8,keyword article,informational,10.0,36.0,0.05,34796,445,20,0.9980082546056384,LOW_CTR + HIGH_VISIBILITY
3,content_f648a9fdfd2a,keyword article,informational,0.0,44.8,0.04,62862,147,20,0.9978265561476855,LOW_CTR + HIGH_VISIBILITY
4,content_f99c7d95b7d0,keyword article,informational,0.0,29.8,0.04,34883,224,20,0.9978098309955149,LOW_CTR + HIGH_VISIBILITY
5,content_548238274473,keyword article,informational,0.0,40.3,0.02,53903,132,20,0.9977748409360578,LOW_CTR + HIGH_VISIBILITY
6,content_e69f14f8ceef,keyword article,informational,0.0,32.2,0.02,34833,141,20,0.9976812277567623,LOW_CTR + HIGH_VISIBILITY
7,content_935404160e73,keyword article,informational,0.0,43.0,0.06,30765,286,104,0.9975498447925674,LOW_CTR + HIGH_VISIBILITY
8,content_20e876d26019,keyword article,informational,1300.0,27.3,0.02,59949,224,20,0.9974194299248739,LOW_CTR + HIGH_VISIBILITY
9,content_a7c2dfc8a6ec,keyword article,informational,0.0,39.9,0.01,76868,141,20,0.997234718450298,LOW_CTR + HIGH_VISIBILITY
10,content_1de45147a2be,keyword article,commercial,50.0,40.9,0.05,31860,300,104,0.9969351007867723,LOW_CTR + HIGH_VISIBILITY
11,content_bcf8e8e2280d,keyword article,informational,0.0,83.1,0.01,32820,95,20,0.9969342571992441,LOW_CTR + HIGH_VISIBILITY
12,content_29fcdf0d8513,keyword article,informational,10.0,40.5,0.03,7913,312,104,0.9967148954137663,LOW_CTR + HIGH_VISIBILITY
13,content_7a8be058989d,keyword article,informational,0.0,40.9,0.07,38253,223,104,0.9966776105123307,LOW_CTR + HIGH_VISIBILITY
14,content_0457ac011a2d,keyword article,commercial,0.0,30.4,0.05,35343,153,104,0.9966317276730002,LOW_CTR + HIGH_VISIBILITY
15,content_36684976be1f,keyword article,commercial,10.0,44.3,0.01,9844,445,14,0.9963096580372587,LOW_CTR + HIGH_VISIBILITY
16,content_9de121508040,keyword article,informational,0.0,22.1,0.03,30125,286,104,0.9960134096864359,LOW_CTR + HIGH_VISIBILITY
17,content_4a50087c06cb,keyword article,informational,0.0,47.1,0.06,40971,286,104,0.9959831621134252,LOW_CTR + HIGH_VISIBILITY
18,content_ecb80fffef19,keyword article,informational,110.0,49.3,0.06,5137,445,13,0.9958661493223258,LOW_CTR + HIGH_VISIBILITY
19,content_54baba704595,keyword article,informational,0.0,47.0,0.01,130617,286,104,0.9957565430839365,LOW_CTR + HIGH_VISIBILITY
20,content_150f89b1d73b,keyword article,commercial,0.0,45.0,0.04,83490,141,20,0.99573333427096,LOW_CTR + HIGH_VISIBILITY
21,content_d8a36f6f9744,keyword article,informational,0.0,34.7,0.04,36025,287,104,0.9956889829441776,LOW_CTR + HIGH_VISIBILITY
22,content_5ae19b72b43c,keyword article,informational,0.0,40.2,0.02,36244,216,104,0.9956833604409385,LOW_CTR + HIGH_VISIBILITY
23,content_33c2582626ad,keyword article,informational,0.0,48.4,0.03,6438,286,104,0.9956239290411323,LOW_CTR + HIGH_VISIBILITY
24,content_a9b751a2d0fc,keyword article,informational,30.0,42.0,0.08,31616,236,104,0.995462655285094,LOW_CTR + HIGH_VISIBILITY
25,content_e7efd80cdfcb,keyword article,informational,0.0,30.7,0.07,32309,286,104,0.9953350776707455,LOW_CTR + HIGH_VISIBILITY
26,content_1d58cdcf8bca,keyword article,informational,0.0,37.6,0.06,48471,132,20,0.9952331522814044,LOW_CTR + HIGH_VISIBILITY
27,content_94058fab0b5b,keyword article,informational,0.0,38.4,0.01,54754,299,104,0.9950053733243661,LOW_CTR + HIGH_VISIBILITY
28,content_74cb5a290484,keyword article,informational,0.0,36.3,0.04,36388,287,104,0.9948063524064236,LOW_CTR + HIGH_VISIBILITY
29,content_8e7b754257df,keyword article,informational,0.0,35.8,0.06,45914,286,104,0.9947043311657461,LOW_CTR + HIGH_VISIBILITY
30,content_65114d89496d,keyword article,transactional,0.0,6.5,0.02,72631,482,22,0.9946605842040274,LOW_CTR + STRONG_POSITION
31,content_a3299043fb71,keyword article,informational,0.0,38.0,0.03,51577,139,104,0.9946466652089637,LOW_CTR + HIGH_VISIBILITY
32,content_667eb5ec4c55,keyword article,informational,0.0,47.0,0.06,35957,287,104,0.9945505097622436,LOW_CTR + HIGH_VISIBILITY
33,content_b202ac5e03c1,keyword article,informational,0.0,30.3,0.06,35669,153,104,0.9945042198655425,LOW_CTR + HIGH_VISIBILITY
34,content_2cfb8ba7f69a,keyword article,informational,0.0,30.2,0.03,34202,141,20,0.9943828902507964,LOW_CTR + HIGH_VISIBILITY
35,content_aa8a54a50d71,keyword article,transactional,10.0,8.2,0.03,31648,148,104,0.9943508171368667,LOW_CTR + STRONG_POSITION
36,content_32cfb0b2fccf,keyword article,informational,0.0,38.5,0.01,89361,287,104,0.9942831735599236,LOW_CTR + HIGH_VISIBILITY
37,content_39818a4e8846,keyword article,informational,0.0,38.5,0.02,6538,147,20,0.9941903569872055,LOW_CTR + HIGH_VISIBILITY
38,content_5daaf566b54c,keyword article,informational,0.0,26.0,0.01,50013,286,104,0.9941127588821629,LOW_CTR + HIGH_VISIBILITY
39,content_21b3d827d451,keyword article,informational,50.0,39.4,0.01,38894,165,14,0.9938647513538583,LOW_CTR + HIGH_VISIBILITY
40,content_f7671038eb94,keyword article,informational,0.0,45.9,0.02,10276,139,104,0.9938148558061645,LOW_CTR + HIGH_VISIBILITY
41,content_2cb4479587fa,keyword article,commercial,0.0,43.1,0.07,5985,139,104,0.9937826441349954,LOW_CTR + HIGH_VISIBILITY
42,content_751fcd46a02b,keyword article,commercial,70.0,49.3,0.03,7365,113,20,0.9936239115435789,LOW_CTR + HIGH_VISIBILITY
43,content_e1b5445f30c2,keyword article,transactional,20.0,7.7,0.06,35984,257,104,0.9935800027543291,LOW_CTR + STRONG_POSITION
44,content_95701ef51a46,keyword article,commercial,0.0,38.7,0.06,30328,211,104,0.9934666826226651,LOW_CTR + HIGH_VISIBILITY
45,content_865fd632a1f3,keyword article,informational,0.0,6.1,0.03,39246,95,20,0.9934413759875569,LOW_CTR + STRONG_POSITION
46,content_453722754fea,keyword article,informational,10.0,7.6,0.01,140079,97,20,0.993434272764275,LOW_CTR + STRONG_POSITION
47,content_3dbf0b8caf06,keyword article,informational,0.0,45.6,0.11,34837,229,104,0.9934217856033803,LOW_CTR + HIGH_VISIBILITY
48,content_a880486984a2,keyword article,informational,0.0,22.9,0.09,31051,141,20,0.9932081348450335,LOW_CTR + HIGH_VISIBILITY
49,content_b51e2e4d22ff,keyword article,informational,0.0,41.2,0.04,91795,141,20,0.993203671776723,LOW_CTR + HIGH_VISIBILITY
50,content_2d6c50388f53,keyword article,informational,0.0,47.4,0.05,14736,445,7,0.9931777989235853,LOW_CTR + HIGH_VISIBILITY
